sample_size,sample_count,population_mean,sample_mean,population_stdev,population_stdev_using_formula,sample_stdev
50,500,249.13063,251.76,220.11803793716987,217.85959928357528,30.81
50,5000,249.13063,248.7,220.11803793716987,222.24366132693189,31.43
500,500,249.13063,249.17,220.11803793716987,217.79302100847954,9.74
500,5000,249.13063,249.1,220.11803793716987,219.58187539047935,9.82
